district_id,illiterate,only_literate,below_primary,primary,middle,secondary,intermediate,non_tech_diploma,tech_diploma,graduate,unknown
400,261094,11241,90256,113424,85994,38533,30353,55,1197,24317,2453
401,1171945,30081,295178,340854,271249,102805,80020,172,1636,59793,6153
402,356254,17071,111054,134739,120270,51014,35731,47,317,23953,1219
403,542345,35689,235430,265410,193081,96426,61364,284,2653,59177,2125
404,457881,15720,165333,191673,160901,84680,62484,292,5362,60090,2224
405,600073,20858,241712,248105,220132,132809,96857,178,3051,54254,1678
406,1067069,29749,405294,420231,314914,171168,113361,331,3860,134361,3291
407,408359,7243,139150,126734,74709,29084,20194,52,307,15074,1620
408,528754,22364,231168,283958,261638,92448,62393,216,1288,49359,3547
409,1040494,53481,491509,601158,447499,287983,209306,983,18495,187758,5206
410,1434123,48117,598825,705927,520800,301224,213354,840,8940,225746,5976
411,394791,17658,156192,194377,133552,63926,40740,82,651,29075,1710
412,252948,13691,133551,161357,112166,55616,40486,104,1147,27175,1540
413,292899,21006,112736,128533,96238,41711,34898,44,469,18868,1539
414,762336,20689,180566,183687,134748,50531,44781,87,948,31601,3225
415,83199,2265,17764,15610,9654,4365,4269,5,39,2581,69
416,342401,7258,56133,51926,30580,16350,14868,81,1174,11707,1160
417,168311,3584,25518,24441,14279,7814,6927,10,56,3964,326
132,1389274,92394,416285,552450,409600,249199,166934,8812,4157,169729,7548
133,1726173,82876,493316,615159,485765,319218,212344,15422,4871,187663,705
134,1547320,130118,405299,574719,464924,240306,154276,4421,3617,151021,6692
135,2508158,153847,488574,555274,439626,256153,175677,3801,2693,187619,584
136,1292153,54501,256057,291596,197666,105378,64305,1915,1034,66636,4578
137,857111,39878,214359,262786,207975,112691,70364,975,1408,70025,2649
138,1302201,132668,327788,446200,404991,315197,227854,4242,4117,271520,6911
139,505078,44584,135187,168248,157740,128244,93003,1840,1170,66144,1810
140,1558381,174130,461265,603794,557996,483046,332211,4851,9863,487935,8173
141,525168,70452,156384,192949,188404,183143,117580,1389,7059,201777,3810
142,1467515,63107,370818,487399,445626,304972,196092,1087,4696,153552,4307
143,1581322,86100,379826,466731,424523,323183,208623,2263,7204,186079,8035
144,622136,25195,163699,218657,204849,149821,104297,330,2378,71164,2182
145,1039438,99046,263346,323751,284706,235252,171447,639,4859,124482,218
146,1738287,166435,433128,594334,508501,412931,269289,971,4036,278138,12747
147,976350,67725,262008,341912,324961,247998,151437,337,1325,118754,5349
148,664644,45765,198384,265277,284199,197707,125196,130,951,83070,3206
149,2134419,88626,371148,458177,310771,144256,90083,355,869,73468,9724
150,2256600,168586,431462,551473,446186,230625,160565,2095,3051,185647,12069
151,969912,35097,222577,316838,250505,107520,63912,310,529,60133,3674
152,1515608,65377,312838,432441,335331,153149,95531,437,921,87937,6968
153,1987199,144398,451925,609537,434349,179513,104535,3891,1034,104384,478
154,2200259,101652,529696,696917,507155,191683,120295,1819,1070,121418,12028
155,1871244,95540,461276,661730,517325,219286,139132,958,725,118192,7437
156,1334783,100196,327858,476083,414049,209790,127108,490,582,110773,6655
157,1462578,112485,411570,578304,531050,421190,370666,6797,14726,665324,15148
158,1439716,69471,372372,513738,458793,237834,168963,1181,1895,133101,8495
159,792527,55904,191289,262041,244239,156088,98553,371,772,80557,2863
160,639529,26175,179167,241567,249870,149474,97546,603,473,69847,2365
161,519807,38477,155530,228708,266185,163205,109542,123,1029,95866,3338
162,448709,20815,138252,197770,240633,146531,101244,182,752,82709,1948
163,625941,38738,170025,260458,295494,189002,126850,410,651,86060,2555
164,1338246,95690,375109,584863,628626,547503,410588,2267,7418,554949,36009
165,614778,32946,149212,253294,265161,155530,116002,314,1028,98964,2745
166,694090,51221,175248,312260,323090,175171,115235,550,5261,141097,5380
167,580401,21087,139459,200362,162634,52281,29179,70,540,33638,1941
168,450986,23510,109934,170872,170581,75716,51799,126,432,48919,1410
169,387852,25643,94922,137978,120485,47838,29286,100,526,29735,1593
170,796473,27483,213476,283851,232308,99450,69448,1440,772,71887,2822
171,460658,17042,118301,150900,112747,54919,41415,62,305,33668,1713
172,1120567,52192,290132,396509,338086,193569,132243,1240,1064,103026,4105
173,1277582,80038,340672,463443,398729,287655,208724,1400,1614,141363,7921
174,786172,45641,193794,204557,145405,99720,77232,645,404,40842,5184
175,2288664,244255,587490,726228,629677,529000,470155,3061,7083,448874,19904
176,1568241,101763,366030,464213,359134,167266,121678,3567,1074,92647,15086
177,1020095,68256,259516,347479,295731,191054,143843,1029,1797,133854,8342
178,910949,51769,265172,361354,304262,203245,152415,1148,1607,140553,5414
179,1557215,75772,410633,588023,509717,287497,194685,1312,2931,161280,8052
180,2089363,82352,367032,433422,233149,116008,82751,3725,621,67655,11653
181,694048,29937,115264,134637,71565,31167,21558,1632,88,14623,2842
182,1280308,40509,269713,263813,141014,64555,43606,2535,405,36763,5444
183,1753925,74053,397865,476807,310298,182449,130083,2404,1359,95344,9332
184,1330371,57297,342187,389539,204639,102150,71963,2783,782,50162,7424
185,1070681,61033,290540,353623,280106,168431,129825,1850,1737,100622,6016
186,760234,28604,213542,275186,187133,112910,79090,1841,972,51431,4240
187,1265559,78747,342998,397196,269941,147784,103338,2699,1032,67354,8055
188,1740567,142557,468350,582981,529738,394612,299319,4034,6163,258102,14472
189,1609724,140099,440118,484287,370550,245395,156258,1720,2045,101962,12386
190,1225707,65158,354240,391521,368737,309232,229728,1014,2992,145424,7193
191,1841996,115159,539531,686457,524683,390812,290233,2792,3698,209051,9501
192,842924,83234,252718,303548,221789,203273,167322,5430,2376,118064,5290
193,1276184,136366,317928,378203,335393,331077,279050,942,3802,170375,10454
194,1762527,90396,499212,647669,531819,403397,306391,1974,4514,233725,12580
195,1422719,114897,367555,447029,389312,367798,302367,1034,4025,184557,18975
196,778150,42221,203971,260139,230573,186908,143870,616,3589,98656,4063
197,1272938,99135,390892,502154,411626,358137,300148,2781,8464,318163,12403
198,668067,36109,175938,222742,179901,132344,94608,231,1127,65050,2096
199,1068287,57087,274793,359626,276499,184429,151347,604,4181,115553,4564
200,876851,39703,211318,273580,182798,113567,81005,1172,5691,73104,3770
201,719278,33220,192965,245378,228191,167476,107231,241,1150,76486,2864
202,711869,28927,154002,196051,152914,92405,56533,126,683,41592,1617
585,154948,55020,93011,101048,94618,101939,105316,933,20939,86312,3924
586,138110,44803,68292,80447,71905,83439,74185,1023,14655,60516,3162
289,364385,65166,306557,330853,302218,107635,153489,297,4061,86824,4254
290,229191,29013,185184,169202,135325,39029,59695,58,980,25104,3220
291,102013,30803,80594,66177,53150,17888,19475,25,275,7107,723
292,173545,35733,153126,132424,101703,36277,40636,34,661,18777,1031
588,269883,25829,202154,237196,176549,141239,168409,1718,17887,61375,5136
589,384569,65249,317200,454204,362266,258462,447597,3676,48318,178441,3021
590,171835,26980,125401,139145,120907,87999,91198,874,13871,38094,1116
591,470850,110415,416861,506955,500255,308138,493123,5865,60026,209011,4794
592,801605,124644,688587,670246,673893,477253,459314,7961,50557,152366,6494
593,570442,85935,385530,445415,473578,352391,293945,4103,46431,148467,3697
594,442652,128180,420080,458509,435556,405539,455813,9114,89922,270616,5219
595,426712,162396,401765,445056,415857,376919,522361,11254,130083,383110,6875
596,185964,52907,149054,175230,164616,136324,146094,1613,27452,67814,1906
597,224753,101806,232900,277079,283879,225505,349259,4977,78185,193495,2713
598,274992,110222,259857,303996,334680,266886,318699,6017,86167,162855,3418
599,134859,58746,131256,155690,185173,152630,215499,3562,57758,100391,1848
600,395102,127854,313781,366340,426612,291482,409181,6487,89160,204830,4546
601,516019,132373,357071,430649,505988,371622,514590,6636,99371,360456,6652
241,13259,1778,7742,7783,4921,4223,2260,9,148,1459,127
242,43003,3053,30220,27492,13949,8375,5725,17,158,4131,312
243,40109,4312,33695,29642,15562,10047,6785,28,233,5801,636
244,69254,8485,44443,50684,35113,30623,21352,101,1094,21278,1156
99,775825,44117,219960,337790,227759,162996,95494,87,4856,97241,3043
100,740556,66859,201071,283677,192246,133789,74803,238,3846,64711,12896
101,1085136,55362,301488,364151,231100,144590,75051,197,3697,98926,4239
102,890278,81254,247764,321798,220086,140444,71118,168,3009,58869,4759
103,766685,55003,221809,326029,282566,225968,132511,172,6537,117061,2704
104,1491703,59437,396859,564137,459599,328582,164302,620,14986,188594,5360
105,1067593,53798,285975,389774,319485,197306,113454,504,8467,105503,6603
106,523418,31588,161163,213292,134955,69124,36275,55,3176,31595,1875
107,652399,40345,165277,222405,169837,94364,52016,158,6379,52324,2744
108,593803,47660,155439,196009,145550,80213,45900,249,5332,58800,6596
109,696358,55969,180367,236715,200967,119033,67323,120,5015,69689,2853
110,2325213,80908,679568,965059,832248,669743,347363,1604,16586,696300,11586
111,1025216,54955,286948,436510,347463,248350,142751,208,6141,123773,5018
112,1549119,92127,390710,506921,349460,221136,97242,220,4221,87771,8816
113,1655633,73831,427135,555470,383420,253150,126419,949,7864,190694,12600
114,361266,12546,96315,96067,46104,26199,15720,153,711,13326,1512
115,1415429,52053,366358,394808,194837,87146,44098,135,2491,38120,8276
116,999148,52019,248051,276600,147186,55968,23648,27,1319,21996,2768
117,559540,24413,117407,144831,89740,47469,24308,63,1870,25488,1217
118,951880,47896,248471,347217,214649,111970,53524,48,2576,55248,4094
119,1056379,197502,288394,363450,246232,164526,99719,202,7049,139625,19974
120,671667,34718,164769,204120,150421,83840,51977,133,3058,53375,3248
121,525862,20064,132737,178812,119298,57747,34032,71,2662,37363,2258
122,1152397,118206,312206,351817,202911,113902,66670,130,4095,80027,6162
123,537458,18697,151465,202193,119187,60594,32145,46,2015,30960,1837
124,706961,32623,172669,209886,126944,62026,36862,56,3157,33715,3653
125,968142,46735,221594,233941,158923,71071,43027,35,3896,43459,6662
126,722513,45200,194081,248220,148268,77664,45853,86,5500,54115,2838
127,652669,35364,218600,330621,247469,178913,114856,259,11181,156523,4559
128,529448,33059,158654,219101,132964,67306,37046,55,2786,39736,2600
129,671337,25371,193881,238236,135708,64876,37381,64,2425,39769,2081
130,1485791,102383,365434,432988,267295,157780,95244,378,6429,142599,12099
131,466333,14102,111208,131779,74346,32400,17731,32,1302,15987,2628
587,11920,2729,9410,12813,11305,5775,7178,112,853,2302,76
602,936383,143283,232946,515319,493766,510607,378476,12260,95438,396122,13504
603,870456,188247,261675,577317,578833,616861,560668,14286,82331,879695,16363
604,984870,170150,255250,559499,526254,492037,419501,11643,94619,472967,11462
605,1162403,122425,280038,666180,563817,475772,350254,8399,82420,214455,10168
606,838062,65511,182318,431780,323898,279584,192424,4064,43714,96046,7474
607,1263097,117636,267556,562183,426484,372554,239820,4400,59931,133495,11717
608,1196494,105469,279054,585832,410771,365759,256764,5830,63289,205792,7002
609,550470,55633,140300,291709,195046,183092,160294,3286,28690,114472,3609
610,759082,64174,184252,384688,251774,214204,190504,4092,39683,153364,5927
611,165747,32054,62584,122754,99408,106231,83243,1381,12190,48552,1250
612,677941,65423,180069,403425,303467,213640,159405,3088,39470,107738,6109
613,337449,27936,90852,194973,136482,109234,86514,1212,16930,60946,1965
614,683309,69955,211429,450413,390832,307791,281167,6322,78340,237599,5133
615,189400,8874,50453,95637,73927,60461,44993,583,11421,27771,1703
616,274290,11693,63300,128672,94708,73387,51579,1220,20862,33158,2025
617,790633,78879,183667,425816,343194,313005,213372,3980,74063,169933,9372
618,403442,50885,131077,324918,268606,176837,133275,1733,39135,83563,2979
619,317806,24267,90958,248519,210354,155204,114296,1271,30342,68783,2477
620,614892,100990,184075,432760,360411,281696,205986,2219,51401,167537,3923
621,507800,43127,141379,292636,227875,183097,117840,1546,30116,69486,3443
622,379357,45657,102347,237258,202163,144895,115423,1463,31352,76308,2878
623,764822,95966,237740,542134,424840,334925,285404,4791,66638,273498,7494
624,375819,32598,109157,221512,178182,129500,98969,1723,27286,68056,3097
625,543500,55051,195547,408259,244492,175375,150809,4708,49046,111441,4060
626,374499,48749,116499,273136,193633,149744,103670,2081,25231,62092,4111
627,400479,46605,172559,388882,268654,170436,140264,4070,43472,111111,3644
628,803776,85490,291119,645275,451971,288442,244267,7480,75390,177954,6069
629,321636,62329,181996,333437,235456,237249,249100,9234,69776,165776,4385
630,589134,30926,119841,246294,174415,148554,100663,2290,23910,67131,3685
631,691851,46629,148610,299188,215492,221729,132704,3822,32121,83297,4366
632,822138,93972,262691,564533,428290,433800,365268,11926,87765,378947,8715
633,718486,109900,218041,470224,310509,267522,202434,3683,32154,140657,5442
468,840052,43149,319994,377311,180970,142160,86501,975,17426,78635,5198
469,1415583,44274,532731,562031,214598,167950,97621,1125,20937,56310,7346
470,505821,36963,244258,243041,106180,100656,51129,797,15636,36052,3201
471,532419,63637,344944,364618,212779,232426,130206,2037,38748,109050,4200
472,849855,57161,308849,378715,283755,246226,161461,1768,40686,94428,5685
473,361259,55065,198640,240395,168177,152180,91188,1083,17736,102667,3363
474,1778465,176210,833938,1203459,852447,925512,510982,7269,88967,817630,19346
475,662642,29305,287754,344845,182568,123572,54220,576,13684,51354,5748
476,1079502,184502,476390,686445,446580,465528,193600,1711,27941,235446,6913
477,763585,76219,294164,411491,246005,181312,75617,938,15190,90774,4824
478,191771,34246,76928,106917,84282,45755,21215,188,2976,20139,1032
479,900264,108080,359032,488501,333921,272232,131032,1345,22817,120266,5592
480,518731,42092,244204,316854,142287,131969,63353,605,10301,39366,4428
481,993110,148944,458646,600982,275001,203732,87503,997,18628,86679,6143
482,541492,123468,334597,404152,222710,221220,112152,1184,24972,102580,4218
483,639642,152631,366731,431365,260744,224185,114584,1152,26967,76635,5249
484,949971,72683,318957,380188,266810,201974,102604,1042,31804,58453,6290
485,1119915,57160,271338,268006,156909,122075,72098,632,17693,35731,5529
486,1272546,126732,565029,659567,424318,471544,238706,3547,63906,329911,9820
487,219961,30533,93286,104423,62787,39223,22344,172,3347,12738,1483
488,432743,118539,211440,274615,169142,166216,72178,1297,24570,76699,3580
489,87323,3203,53011,44070,18886,10043,6003,46,1485,3577,644
490,327763,78337,184063,212681,158194,168326,91706,1352,27163,77062,3025
491,535021,96006,222289,243905,172070,203583,110248,1494,21259,92899,6904
492,1509912,302294,751130,1088946,735271,857050,419262,3998,57768,344596,11095
493,316986,55990,110486,119478,76544,55348,36053,426,8794,24481,2436
300,397837,35646,117370,122495,99644,40679,55999,56,348,16045,1023
301,1026917,39455,286680,243457,172867,44485,98210,355,604,34286,1942
302,444606,26220,164213,147362,117108,33049,57020,130,413,17392,670
303,796564,31638,240056,211230,190831,42199,135111,311,1167,43859,656
304,417521,23853,153069,137322,121173,33348,53036,109,481,17055,456
305,1113052,77885,475069,446853,382834,93742,162658,336,2207,65768,3364
306,815538,61991,263132,270932,239784,89371,127285,133,1713,50494,3737
307,358651,28859,152626,133590,160960,51058,114683,67,698,39697,1248
308,263105,14826,78447,85908,97826,42012,78394,10,318,24578,709
309,529607,27049,184643,197115,195767,64772,87605,93,1557,38369,1352
310,441804,34552,169578,183509,217204,91299,123105,119,2827,60620,1718
311,337545,38466,144279,151788,207229,79713,140314,84,2226,48305,1101
312,297327,52936,133547,139639,188187,89204,124165,169,3398,61466,2218
313,345124,39062,163216,157941,196792,53985,75450,59,1145,33157,957
314,399099,23061,131868,149831,137175,51117,47221,26,797,14943,1175
315,73229,4239,31069,33714,33122,14974,17642,9,410,5551,143
316,562489,78194,300959,282987,236061,85657,137662,182,2459,48158,1809
317,433389,53674,248499,208752,153625,39399,67272,120,640,21740,1576
318,251930,18022,121492,100618,84358,19986,50103,52,429,11748,558
319,304726,16854,113799,105903,96563,25398,53722,132,1109,20343,255
320,222260,13309,62400,67840,58456,22322,28397,46,187,6336,609
321,522223,46121,208862,203889,232482,76734,172744,212,1614,50501,2160
322,252747,37952,123431,150269,177438,104765,199289,438,7763,197982,1864
323,239868,22017,99140,98580,122733,43420,108567,130,879,35719,586
324,377238,30352,129019,134220,141562,49597,73405,74,385,12919,1304
325,441461,22139,133807,101439,110387,28304,67803,181,595,21872,512
326,361742,22291,120169,116207,112843,34926,50376,50,302,12442,320
327,531238,33986,284449,307084,281899,138323,146908,642,2278,118181,1835
328,1374066,56998,705495,659315,542311,203352,192681,290,3111,126164,9063
329,968582,41436,523632,529992,398771,130427,142600,145,1228,75445,6828
330,1517467,51903,502768,363064,288775,102340,112341,2989,1076,55135,9276
331,592591,38961,329931,258688,227317,81353,89959,205,592,52654,4025
332,1902413,50026,673848,547788,404291,144756,167313,799,1555,86740,9316
333,3047973,113867,1291873,1123027,756896,292923,301141,675,3055,157303,15074
334,1343957,80846,628345,530720,437861,160697,189175,450,2469,116411,11473
335,2470355,165704,1238117,1238499,1061185,494833,561926,2138,15371,448206,21229
336,1687045,85533,892841,917036,768163,291536,303384,434,4342,206514,10772
337,2401088,238691,1599291,1637963,1545327,811325,771645,3088,26347,945363,29653
338,1440757,128542,922768,1017213,820020,379228,397902,1017,11945,387856,11897
339,1363682,86965,609936,518579,494434,181689,200669,365,4690,128167,7498
340,1305210,50189,457860,391092,374219,131272,131979,533,2734,78501,6526
341,1244823,157077,827106,898201,688347,348969,352120,1060,9100,312823,10403
342,908557,174744,437781,582732,589101,496596,442997,2785,25603,818476,17322
343,2630304,198403,1654703,1433185,1083245,399886,418853,1023,7444,315226,19689
344,1835045,139342,1142785,1002792,874034,334953,347142,921,8451,211028,16964
345,1172681,70546,1179083,997621,838105,306396,329218,568,7134,187624,6899
293,284589,22986,109208,84416,65540,37938,26742,31,409,10295,1137
294,125770,8537,63895,53917,37808,16218,8760,2,82,2427,501
295,60272,2775,29392,21504,15634,7583,3871,9,25,917,352
296,152783,13453,95071,61130,31263,13438,10075,2,144,5192,910
297,102981,6296,66775,37994,21082,11093,7889,7,115,3948,660
298,247892,13851,170320,113969,101378,58267,56763,124,2264,60049,1045
299,207597,10569,74403,39999,25192,15526,12476,19,438,7691,1214
281,26173,1041,20559,16475,13033,4135,3061,3,42,1766,76
282,18060,1157,18057,18255,15706,5894,4052,9,67,2540,158
283,59714,4371,67533,72024,87082,41828,36936,102,970,29397,352
284,24943,1831,30516,29124,22944,7216,5236,13,108,3675,139
285,10461,795,13666,15356,13461,4884,3817,11,68,2367,51
286,40306,2204,34867,30125,27407,12385,8259,26,364,5360,125
287,55033,1455,20168,15100,12580,6455,4277,13,135,2598,80
288,14341,615,10499,10991,9269,5356,3431,15,108,1918,31
203,2175561,103230,589782,496037,242829,162566,84581,2432,812,64393,12819
204,2822414,123691,684995,636504,341440,243717,134023,3965,885,89448,18289
205,372548,31457,91936,71329,34003,27576,14723,645,96,9743,2190
206,1986780,91625,446117,383768,196092,149800,83611,3290,550,67197,14744
207,2332041,134576,569877,584772,314707,258648,142624,4943,754,130087,14350
208,1195793,75610,348612,269059,135845,95730,58136,2092,324,37662,10213
209,1615801,96571,411723,322261,142011,96521,56273,8863,300,36799,24446
210,945344,58405,300550,203391,77919,43927,24813,7568,285,18402,9796
211,1932293,114417,433585,332875,166905,123196,74627,8312,472,61234,16703
212,1790839,88234,430289,330804,172742,114402,67662,7981,478,52925,14673
213,1167185,56739,252069,205755,112959,94241,62985,702,222,39816,9089
214,1095665,39509,242490,193521,113335,96927,59963,1916,287,50369,6679
215,2120751,118799,496415,484157,257248,211316,112320,5052,771,117911,12645
216,2291830,152595,645377,648988,379611,315174,182733,2189,1258,160798,20509
217,1179014,73032,364584,354406,238386,197726,90628,779,576,54213,8668
218,1400289,78997,463649,492974,349227,313517,133191,936,772,81944,14968
219,1794408,71327,491112,535677,381725,373624,178585,799,838,115101,8666
220,1568281,90744,479422,480970,314411,290826,161458,1077,986,97975,8871
221,2118686,74761,659791,561642,307208,261092,153741,2112,1010,110414,11109
222,1421868,77487,443229,397095,215748,191134,120292,1952,867,89264,11605
223,898858,62847,219574,188539,101676,99393,55246,705,598,32317,7133
224,1464700,78946,355276,377291,244979,240919,137857,3578,1827,122967,9426
225,1069442,46500,254000,264827,150496,126798,63860,1436,810,36727,19867
226,565948,53345,152782,173010,123795,149493,85784,533,748,58341,3986
227,493642,39901,126096,120385,67308,85530,42893,191,458,22185,2323
228,307666,27493,82310,80820,41438,52301,26217,138,266,15212,2481
229,1357720,74288,340686,345335,225129,274315,140193,1841,1242,107405,9499
230,2378786,166316,644828,697057,491783,596523,353344,4796,3749,475211,26072
231,1129256,65216,324092,378193,306873,284250,122229,758,772,110045,6723
232,716545,39122,211865,238235,184565,169774,79096,393,527,62962,3268
233,706108,91320,192296,221019,170445,123258,63114,359,480,52771,5214
234,1160086,59318,369625,425061,329058,313618,156250,1517,2231,136744,6410
235,1074071,72052,323169,359331,249093,259844,120235,1405,2680,77740,453
236,2093805,180567,543697,567200,351096,348223,169876,3868,3197,129186,703
237,1128134,86080,261661,274529,160505,172191,80508,2202,993,51971,372
238,901817,70210,244098,235070,121164,107149,51669,952,657,27436,183
239,506432,42388,127214,133578,93560,122897,59110,616,1304,38084,130
240,314492,18284,83107,89504,62285,77992,34945,158,384,18677,1015
497,741786,98199,254635,184971,105201,110785,91462,519,7981,48828,3928
498,756946,79603,305404,272505,168731,199919,145926,1087,14894,97558,8289
499,1338035,143341,635718,649290,418198,469553,310817,2979,37913,209715,14358
500,706384,183737,452495,399318,286062,262073,174010,366,9296,98930,13587
501,402625,106906,294342,272257,222859,224231,174100,280,7548,101184,7574
502,327243,63417,215751,191429,120462,125156,98106,145,3773,43539,8139
503,636570,46909,492333,445029,402704,361890,289030,563,15442,191077,6898
504,281316,15629,218720,173080,208244,171941,132519,283,9240,86938,2864
505,979762,124677,622530,575225,675255,621962,503174,1887,41013,496714,11371
506,300474,19696,204349,142985,189577,151108,117042,187,6441,64643,3832
507,318264,82702,235684,171458,184548,154509,111807,163,5204,53904,4264
508,364577,67065,167929,136031,127067,93867,71102,81,2351,30954,11918
509,625692,35959,329074,287411,326605,262695,198402,447,12762,117704,7556
510,749774,202496,479902,428061,318199,274534,183896,332,9538,108001,17615
511,1171867,134525,549260,502209,323444,281027,225414,545,12234,147919,12848
512,386602,104088,205654,185563,110893,89836,57815,48,2371,33578,897
513,678272,50286,299432,290795,179461,149949,101957,250,5261,73687,6736
514,763523,76805,315252,301112,175580,156094,96875,255,4448,61962,7140
515,1197445,56203,526871,539422,366617,439601,294057,1496,23006,246152,10412
516,1761821,308384,891098,906904,647379,686065,427167,4063,58814,372591,42901
517,2832987,465703,1221644,1545450,1201137,1460339,1042063,12540,100717,1137710,39858
518,1781477,197187,886283,1444530,1101789,1407483,1043536,12630,87328,1369619,25100
519,576389,80370,284643,470590,369116,474655,360759,3791,23857,432752,8489
520,694206,98046,350231,404912,337579,311688,199862,2882,23772,201316,9706
521,2257685,389601,1033009,1290010,978565,1253466,849005,20844,136931,1181798,38494
522,1391269,165401,657687,689025,485419,532532,318682,1944,34735,252975,13490
523,866542,148405,389701,356162,232190,243314,178715,411,10787,131930,26892
524,803524,102686,336796,343434,253396,272328,188596,484,14315,129673,8964
525,519766,69901,220629,246060,184017,194473,116631,317,8032,83527,14223
526,1407080,80260,608419,725088,489146,458630,270615,3048,27262,235224,12984
527,778047,96390,394578,485108,361430,414208,231562,2385,24113,205897,10023
528,415677,17109,287422,349731,197618,180615,83672,496,11245,67491,3993
529,183584,32730,124272,164653,114176,116430,64048,210,5011,41557,2980
530,1050156,114639,475063,592136,411960,566833,327072,3007,36835,285155,13145
531,772676,68823,369010,466257,318105,386052,209026,2569,23897,196879,8849
634,16352,996,6488,11019,5038,6743,3497,77,1482,3890,44
635,223640,17753,67109,136702,130554,125238,100175,1707,29048,115941,2422
636,5346,1424,4223,6454,5842,5464,7426,113,1150,4196,178
637,45306,3523,15366,33548,29867,24381,21852,307,7636,18002,434
370,497472,28738,219832,330964,182887,111552,57861,429,3119,47440,961
371,173626,17571,77994,113668,74922,58822,30254,732,5495,26009,412
372,337408,19670,146364,209921,127746,88025,50743,820,5501,54049,852
373,114701,3627,47114,64841,36839,20956,13464,176,1058,9551,193
374,751115,41774,259075,344320,253871,203814,112730,3350,20744,100723,1921
375,749215,31117,234047,287885,237310,124287,63967,992,7975,63802,1136
376,1150341,61372,328672,367360,298337,147681,78402,1424,11374,72776,1999
377,699297,52453,364054,446386,325510,199453,98903,2034,12083,116354,4002
378,412197,21718,223133,324010,233582,145020,66816,1324,7151,70007,1379
379,351096,35822,206680,296427,244724,157567,71126,1172,5893,67074,2780
380,247944,20292,156022,223985,191208,159143,66289,1099,6832,61980,2177
381,613001,71160,356111,488574,423964,280654,157571,4050,15285,209188,4912
382,536737,32395,245455,339625,287670,190318,96727,1854,9657,84038,2716
383,362901,19762,194058,240913,155294,112093,51768,1176,6725,45625,2496
384,404365,24167,193978,253723,164387,106441,58122,2256,11795,52305,2282
385,274427,18327,173080,209324,150360,64575,34944,511,2919,32187,2135
386,501737,44619,280040,403439,338829,225110,161841,3735,14321,273372,4630
387,406791,35037,254793,364305,318180,136065,84075,942,5538,90281,2723
388,1318981,62165,540438,753219,368790,224234,125651,3491,13549,112907,5606
389,315280,11108,68273,88192,43122,25881,13776,164,835,10471,715
390,333324,9735,117833,126009,79467,31603,18977,209,1367,13979,607
391,169550,7736,80062,97068,48472,17910,11481,48,536,7513,786
392,211762,9486,92164,135409,83059,39387,22389,90,996,14649,792
393,721737,34109,213390,303496,175472,95948,55203,507,3671,42898,2566
394,310999,11709,81215,92800,51954,34522,15580,162,899,9600,942
395,774833,29816,220922,255749,137645,81843,43035,234,2196,28781,1815
396,560176,21253,108504,130865,59474,40857,22227,469,2544,20047,1495
397,750567,21942,152447,161223,76494,29263,15213,223,1325,10508,1741
398,811557,25658,162755,181287,77812,50585,30254,798,6027,29957,2957
399,368486,8467,88066,79729,37862,13746,8896,183,858,5726,1173
496,120479,13111,43709,48436,37385,34255,21529,344,4748,19174,539
1,430700,16311,77730,83569,104028,87529,43645,801,770,22654,2617
2,418096,12726,58782,63154,76066,60076,36377,86,1124,25422,1836
3,39717,7424,10170,13593,16241,22741,14429,26,255,7540,1351
4,54566,4876,13447,12693,20546,19803,10181,91,422,3429,748
5,215111,7153,42277,57331,65295,44211,29545,216,517,14359,820
6,278306,8191,52995,78548,99440,69241,34421,121,1015,18701,1436
7,227231,6083,54420,81799,93980,84407,39459,139,1469,26333,1115
8,462890,14417,79552,102120,137506,102524,56484,454,3156,46873,2063
9,206253,6039,30089,36052,47795,34198,17119,282,575,11983,1847
10,488245,26526,75678,88136,141920,151347,97128,507,22237,140521,4584
11,154170,3603,24172,26833,36718,25282,14119,99,1134,10003,1313
12,266482,5332,31831,46409,70014,66924,37786,242,2624,31159,1637
13,129715,3106,20143,25717,32956,27288,15027,111,719,10444,989
14,533160,12331,93283,106265,140216,95337,49777,248,1376,43853,2846
15,215398,4533,28142,39069,56542,40291,20798,121,1616,17137,836
16,190853,4812,33313,42591,55256,44011,24990,161,649,12327,973
17,159648,4763,23424,29459,27869,20271,11532,134,420,4872,1321
18,123190,2011,19532,21578,24895,19861,12799,34,506,5823,467
19,232631,8277,52771,79329,76281,54406,29189,93,1237,19928,843
20,164125,3004,29343,38328,35322,23517,14848,60,264,5492,364
21,392823,29265,112029,173888,248032,260800,140997,680,7757,160512,3175
22,90759,5000,24651,39448,59463,57908,25787,75,980,14399,428
23,195238,10538,53707,98530,49843,58931,32243,467,2512,16368,703
24,357435,35648,114734,255764,192102,278026,164984,1769,12703,95364,1546
25,9719,825,3685,4777,2925,3621,3347,29,204,2275,157
26,130231,10634,50121,80620,50616,54859,34694,247,1751,23611,519
27,276030,18599,87592,165507,112405,168394,102756,1525,9456,55623,1890
28,96677,8433,33105,73461,61421,87996,51520,611,4298,36796,450
29,121458,10882,46026,89786,68066,98067,49580,757,5397,30809,345
30,94336,2887,28181,65221,49266,68678,40490,663,3847,28009,378
31,151742,12161,50159,92838,75512,95738,52721,860,5713,41942,934
32,167210,5905,59135,103791,64275,64684,35367,557,2601,25824,506
33,201368,11994,74632,118339,90781,137707,87164,1000,4455,84930,1640
34,23422,1517,10398,14361,9399,11296,7591,34,476,5058,569
532,1257892,140906,244779,370448,158195,238912,179685,1782,10183,118366,20091
533,1161525,97214,228163,357023,158019,246397,170117,1004,9388,115448,7037
534,1569440,121343,317901,528459,249637,437745,293819,2231,20289,224745,10660
535,1396151,98890,268263,410077,189710,296129,202415,3549,21080,134572,12452
536,1051168,290031,276828,485113,227421,381894,535663,10635,23124,605929,55517
537,1758713,278174,394963,647971,298557,585225,501787,21140,49818,712860,47533
538,2112382,164991,351607,461238,202430,335201,236291,1965,18329,157167,11427
539,1487790,107994,340909,478573,246577,351248,253371,2541,16613,191604,11589
540,1447553,89914,314244,479207,243468,387750,287817,1948,21914,230268,8493
541,1167136,98799,267093,436152,194026,265176,171442,2073,26365,160927,8181
542,1207733,75073,221604,430257,203191,267316,147323,904,18296,123065,8352
543,1106086,83129,180352,380022,149166,194982,113657,1105,19754,110341,5880
544,1722340,130663,314628,639163,281938,493445,260677,12933,66353,340146,28303
545,1865719,134657,522367,1087213,375671,535715,272934,2414,57878,289504,10224
546,1284577,112970,462259,874762,291379,429911,214275,1055,48196,212801,4781
547,1507680,265181,442273,801317,320659,509165,269073,6918,57960,313132,24040
548,1927372,121942,471179,871787,321726,496382,287786,2496,50192,324762,12189
549,1493013,79982,329888,575082,209114,313954,178339,1105,26413,181620,8938
550,1131368,66459,273671,569553,215020,309862,178813,2358,25495,180427,10531
551,1165703,94537,236419,484771,201342,293077,185336,3234,29998,180011,8041
552,1926302,126543,336904,632264,225257,353127,207776,3528,26162,201842,13758
553,1770188,169706,307614,687674,281964,406435,219309,3115,23086,199948,12109
554,1506186,193213,333611,761174,327687,456433,275305,4465,38388,267902,9700
272,214671,12802,35313,53219,60162,46617,34069,42,339,21275,639
273,55645,5708,12952,20091,19437,12782,8520,5,85,5272,154
274,78208,18158,35316,46630,40480,26109,16344,32,510,11877,479
275,81066,6063,21062,25542,40020,27981,16674,40,455,18167,329
276,152864,11559,36681,44660,76336,45050,28086,154,857,25281,640
277,125366,15092,37642,47258,83558,71876,53651,182,3362,79537,468
278,131449,9372,40488,47692,82264,57316,39152,116,1853,45940,471
279,54169,5914,12969,24618,32827,24530,16701,10,299,11768,193
280,53880,3723,11143,17243,21948,17955,11380,24,211,6503,172
69,155975,7806,47509,76123,55450,74899,44690,1092,8388,88597,764
70,310325,36888,85975,175812,138431,170722,92996,1590,9892,104246,1473
71,381748,23359,114729,204322,145568,157769,86851,1392,10608,86571,1288
72,317762,16498,85576,156705,108835,123301,74209,873,7567,72538,791
73,427775,10780,107400,173056,111326,116214,70646,720,6389,49177,821
74,527311,19721,146880,242079,165505,180903,106881,1710,11443,101362,1529
75,418838,27387,122793,178245,130892,151670,88457,1048,7940,76867,1300
76,451685,18396,133530,206880,162565,227930,131924,1832,13948,99608,1703
77,501394,21282,134471,210481,137614,160136,92798,1208,10501,62453,1814
78,384433,11521,106526,155592,91444,93893,53877,562,5013,37666,1484
79,512292,18458,141609,211159,128286,132084,75981,1162,8673,63370,2115
80,629620,23928,177441,264697,176009,214610,132536,1742,13391,107057,2900
81,564574,18155,158560,253425,180088,225247,128273,1434,9423,93798,1468
82,313622,13709,95741,150252,117431,166814,93231,1616,10475,97137,1176
83,282314,18245,81848,135242,112799,162180,92337,1241,8207,62739,1253
84,291833,9237,85449,147182,117962,131923,76725,662,6110,54172,833
85,263385,13960,78923,134494,115107,138857,80967,826,8279,64921,613
86,403316,20230,125379,182629,157827,206901,131738,2292,15120,267121,1879
87,634366,17407,155886,141217,56068,43066,20445,2573,2724,13350,2161
88,536994,35674,165581,222387,191797,244791,157219,3489,14208,234230,3363
89,442912,13249,121339,150043,104278,102026,59332,1550,6816,40105,1058
90,948684,60017,339335,512788,426824,470623,325121,2386,20582,547036,3143
91,206461,15241,76877,129537,113631,125806,87270,408,3009,128331,1407
92,630036,45461,219011,333577,296558,285725,192840,1123,9807,225831,1655
93,356348,45999,139260,205942,181698,217264,175064,1623,10835,374054,1259
94,27825,4697,9827,17494,17694,18239,15786,140,900,29318,84
95,139960,17722,46418,87803,73473,75052,53004,464,1940,85961,523
96,582064,71317,211410,317947,267621,337973,264042,2115,15594,471207,1953
97,505269,76557,179836,271758,248392,316028,248242,1785,16299,427064,1728
98,653527,116444,236087,354048,305520,339604,237066,2494,15620,469042,2477
261,130634,12946,33773,36702,22692,7506,3181,20,122,2094,590
262,35128,8740,26919,39117,41978,20372,11751,84,658,9529,346
263,37876,4774,20866,26591,25385,11888,7195,86,513,5188,395
264,38135,4666,19827,32443,35124,17272,10620,28,341,7456,431
265,100774,11364,44376,54933,58745,46059,31002,119,1430,29211,798
266,57525,5929,22683,28184,23026,11925,7653,53,218,5964,258
267,79085,6372,30351,34507,26052,11080,5719,21,169,3081,159
268,20625,1471,5928,9478,7335,3245,1373,14,39,913,63
269,32772,2820,9827,11535,9641,4343,1831,17,46,1043,129
270,70499,12047,29029,38427,40890,29400,22765,164,1296,22957,514
271,33015,2715,15015,18441,13743,6435,3294,3,102,2282,174
418,359836,13649,91637,103692,60918,26084,17537,41,205,13829,433
419,786285,33563,210821,314864,290827,159392,100015,93,1246,65408,3456
420,608088,32017,166551,274897,305892,151017,101406,70,1054,58667,3346
421,674826,38620,208805,301319,271991,180504,148649,526,5289,197642,3865
422,295309,13660,97337,157749,114324,45973,32060,44,403,28377,1518
423,825204,32938,230124,283905,182865,68927,50118,85,760,47008,4116
424,697226,21588,157503,237777,177903,64487,51319,88,811,33248,3216
425,819342,27015,225465,298314,190856,79310,61492,139,1543,54858,4041
426,463961,16188,133311,166114,121104,50055,37003,65,473,25952,2294
427,832739,34666,329043,476131,339686,153497,96960,240,2236,109886,3374
428,516504,15089,175207,236630,171631,66381,41301,141,908,38369,2058
429,857154,33303,268759,371491,310855,163044,117861,287,3449,98114,4618
430,923349,47674,256491,324396,339936,191464,159257,271,3846,112723,5699
431,288086,10286,87009,104743,80596,31505,22389,34,755,17502,1853
432,317233,13678,129966,150277,88822,49395,38438,54,1066,35778,1360
433,505820,17797,225381,264756,155000,71938,51870,45,1042,44531,2231
434,629189,25608,211328,245211,149515,74221,55536,108,1645,58571,4137
435,745874,40227,291256,363926,223032,118414,90264,261,2923,107161,3526
436,618069,447473,190702,144690,71919,18889,11013,5,83,8772,1066
437,638346,28188,218635,265626,185963,99735,70794,127,2093,51075,3133
438,1108455,30016,282577,324888,191339,105658,75473,161,1951,57891,7384
439,967567,70392,346534,497972,422758,325361,252718,1251,10242,376297,5605
440,886812,24244,290117,305121,163011,79412,64402,270,2179,52564,4914
441,835955,14741,184473,166032,82672,40334,31115,53,651,26866,2989
442,741569,33592,217319,239838,146434,70911,47828,214,501,42873,4735
443,595957,21239,225095,277941,165118,69216,45268,245,879,54396,3521
444,710371,63793,232650,329312,278794,224904,194628,1959,12913,315317,6420
445,530970,26209,177854,234124,171706,75465,50326,171,619,41408,2480
446,511377,26777,192978,248693,184547,74821,46803,90,679,41499,3333
447,635593,50651,219415,253534,176008,102386,67499,83,3015,64146,3032
448,217915,15613,97565,102230,60565,33599,19871,49,679,21270,1109
449,430706,24159,164049,216186,160417,99787,63241,150,2120,78274,2261
450,501269,39166,180535,218659,164579,83329,54068,106,1723,46255,2353
451,706821,81612,271821,404245,348803,244604,169524,695,7525,223393,4246
452,373069,33281,154799,203295,149965,82526,49108,72,705,43243,1791
453,325810,17667,93119,116997,83189,32377,19907,23,174,12801,2460
454,449943,24424,150415,183746,118425,54745,36087,35,773,33155,3157
455,796724,43178,319504,368273,224912,143963,99623,219,3248,91123,155
456,514937,22803,212596,278826,163236,79232,53083,76,1457,49859,3026
457,554075,42868,271522,333114,229784,124101,75838,76,2996,63293,4031
458,587539,26980,179900,201349,111281,52094,36403,91,909,40947,4026
459,375962,13705,137315,154861,87151,30826,21034,68,458,21360,2331
460,461869,26896,132801,170462,124730,57296,46052,117,1808,40318,3714
461,312642,18039,94686,125221,91975,43214,32868,62,1453,26896,2181
462,526248,17994,139166,162743,135528,60302,50430,38,584,31368,2632
463,593219,34274,152422,165908,107057,51653,36196,308,3324,30401,3511
464,672967,15291,125781,98491,49463,22788,20418,36,415,16767,2631
465,519245,6860,74724,62087,28638,13947,11666,14,171,9809,1838
466,578446,18016,236334,225302,112100,56975,40133,162,2656,37623,2314
467,349168,10565,118817,122283,63180,41208,26330,114,1201,23919,1062
35,663604,45289,175568,339886,272140,418754,228047,1654,24398,125163,3820
36,238601,17913,64860,131583,99614,131213,71008,625,9132,49430,1189
37,571053,48486,170688,352232,265338,359276,212519,2016,16230,192219,3533
38,386926,28279,124816,271645,213202,293846,147856,1863,19974,96448,1770
39,173851,13920,47393,111785,81044,98544,53663,433,4166,26718,793
40,174130,11815,46376,106144,74488,94919,53811,358,3371,34037,714
41,938514,81499,271429,531834,407578,585614,327629,3571,29843,316367,4861
42,367857,26740,85931,164486,99429,128362,73234,899,8507,38364,1937
43,801563,26191,196236,324150,204690,233382,138468,1009,12479,87755,3151
44,377048,11313,79928,137935,88834,103452,56476,582,5064,40031,1233
45,236223,8464,51071,95422,62854,78831,45294,628,5229,32848,644
46,543657,25593,111287,204541,133139,178017,96093,1381,11397,81169,2251
47,346191,14362,65347,112442,70291,84665,43924,451,4649,26221,1208
48,628895,33848,148697,292254,208593,262607,149699,1835,15455,151310,2493
49,805886,59479,187950,345213,254672,408630,229659,2373,20298,172057,4439
50,453465,29758,92444,165311,106291,159844,79441,453,6046,24060,2514
51,181896,19619,49695,113328,86166,117857,61157,911,10629,42410,959
52,258053,27045,73959,139628,110336,156382,90205,1631,12594,123316,1479
53,653092,26393,133163,254502,169284,213669,114675,1130,10581,76469,2211
54,235696,10326,50846,93879,58322,78509,37653,484,4323,24454,1035
638,11510,443,3301,6953,6792,3865,2483,14,267,1141,73
639,26914,1138,15119,22387,18853,9374,6860,25,966,3863,98
640,47876,4321,23709,39075,42975,31865,24188,262,3905,19155,811
245,23904,1582,4845,5611,4341,4947,2844,15,173,1627,88
246,35455,907,10578,11722,8650,6862,5725,26,431,3496,95
247,40241,628,10263,10670,7132,4709,3023,42,151,1764,67
248,55525,3498,19365,23459,21033,20928,16451,321,1154,14583,256
249,38170,1859,8613,11039,9116,6726,4945,54,220,2458,248
250,47528,1357,11639,17233,13068,10223,6155,58,488,4439,86
251,36638,1730,11049,15586,13027,8910,6403,26,202,5504,139
252,17125,639,3522,5130,3716,2479,1447,9,86,1120,47
253,75052,2104,21422,19636,13775,7957,4664,22,207,3182,205
254,64001,1435,12566,13358,9066,5889,3215,9,115,2072,249
255,28973,1174,8510,11219,11137,9531,7040,95,457,4829,65
256,55470,1457,8804,10335,7322,4364,2803,45,159,1243,74
257,3568,185,801,1158,824,637,454,2,31,334,10
258,22231,755,7286,8106,6386,4457,2392,26,159,2228,54
259,62664,2142,22849,22460,15587,9547,5820,22,299,4189,147
260,11177,199,2864,2647,1668,1138,824,6,62,538,44
56,114960,5673,34478,48662,51079,28019,22671,41,890,22875,738
57,111049,6767,36606,66659,65958,41895,29813,100,931,31406,421
58,71352,4205,23397,39678,39313,26598,20278,46,474,16492,452
59,210937,15530,63740,90453,88990,61682,46143,94,1573,37385,2404
60,437188,29875,156852,222677,205444,195480,166981,1086,7998,270639,2474
61,192382,7765,62614,108915,101025,87908,64303,220,2302,59273,564
62,137889,7436,50495,84993,87155,49647,33295,44,834,31077,574
63,80415,4035,26096,46012,44380,28329,17961,20,296,11941,413
64,186009,7238,60799,108242,105502,66842,45631,121,1366,39791,965
65,81922,2328,29797,47649,43470,22365,15536,45,617,15663,256
66,258105,9709,93780,146307,139184,103117,85880,427,3979,112644,1473
67,611063,20940,183583,255897,206453,146943,101675,632,3917,114440,3359
68,712068,24405,212346,284430,228918,160665,104841,1940,10995,146662,3152
55,250012,11254,90869,130243,111879,142206,107599,1506,13801,194453,1628
494,14016,540,6774,9703,6874,7543,4017,22,448,2066,71
495,40825,5958,19849,31744,28752,31946,18323,140,2549,10736,351
346,669308,44205,182604,192465,102218,66785,39708,429,662,24185,215
347,532825,39224,145540,144941,76393,54863,28879,359,318,19441,103
348,326010,30329,103361,111094,58100,46317,22019,295,478,18205,51
349,1191999,31306,385781,390572,199997,129365,63557,1823,1038,49858,178
350,698535,22005,218193,241913,130289,83337,49785,940,1115,45896,65
351,709032,19580,164561,177672,97834,74922,38093,2663,897,27914,383
352,667304,16261,160575,136246,73148,46936,28609,1137,594,19631,126
353,547541,9580,132550,107350,49770,25913,16063,655,212,10727,61
354,962283,59382,315753,400131,319661,283744,170568,2497,9898,160153,417
355,788810,28642,238236,300281,234860,207880,128225,1699,9403,124026,268
356,202083,7967,66177,72342,48624,31965,18421,214,397,13527,73
357,786220,47595,246516,317304,253468,262307,164627,2154,12346,201007,375
358,915306,30139,246135,292282,166772,147510,81977,659,1455,57417,217
359,376296,9584,104906,112801,51189,36565,21406,219,478,13469,65
360,721246,65815,239938,264830,162255,135565,75136,508,1583,67441,178
361,352946,15802,114006,141026,109392,102325,64185,499,2552,46627,83
362,649033,28584,197410,215333,110941,61219,33714,370,883,23859,96
363,364730,54334,120943,120071,63571,34245,19804,848,346,12025,125
364,1002820,64076,335223,403566,315499,305831,207828,2994,13075,262859,482
365,247310,24330,64574,74903,53842,35279,19697,67,482,11335,66
366,465493,13534,139148,153740,109286,70199,44661,260,815,27989,88
367,256095,53722,75686,85531,57843,35988,21428,51,492,12702,40
368,774777,47753,167646,193440,132059,97000,49482,186,2157,37744,94
369,452063,17699,127953,158770,114096,97765,51814,1140,3192,40440,124
555,1727629,195995,596668,780966,355468,410186,446565,10300,44697,204578,6609
556,776340,69938,258289,296031,116520,106346,162729,4029,22257,72719,4554
557,929063,98729,273801,322171,126864,112892,188785,3932,25002,90632,5460
558,660627,68127,184982,267870,133743,160883,130083,3731,15515,73281,4458
559,949043,51122,247260,272077,102124,109129,118197,2770,13312,60311,3467
560,580835,56446,216332,220157,91302,73775,91085,1938,12275,38911,6864
561,364393,45231,157984,178877,76140,63664,114328,2449,14526,44505,2473
562,545359,50937,252533,314597,138285,142202,222452,7878,33859,135965,2956
563,355263,88608,248067,262161,129009,115855,134803,3391,20193,75482,4337
564,512225,47764,286848,300777,124253,99020,149125,2463,15672,55823,3698
565,1030974,74624,317033,386794,171648,154123,170565,7426,32058,103565,3785
566,572064,66502,192372,271598,150457,110979,198165,3536,22523,67975,3285
567,636957,122903,235187,309973,179238,127538,208264,4706,25836,91681,3214
568,489737,88626,221397,307644,192268,147273,177782,4167,22770,99407,1682
569,250932,80397,153376,246881,103403,133619,113226,2381,13808,78079,1259
570,319616,60267,138818,206485,130847,100000,110965,2389,12174,54521,1879
571,865589,144153,273136,416580,291623,237454,286324,6111,32527,120601,4882
572,2109275,314042,721078,1191507,758716,1054230,1517965,86004,190651,1659208,18875
573,656120,92940,156890,259270,190864,156628,193431,3588,19190,72471,4377
574,551165,112333,183905,287069,210577,157400,161415,4135,29091,77263,2068
575,423326,125561,267246,446189,199943,232346,204480,5536,31858,150965,2199
576,141642,37368,62066,95214,64041,61997,52071,851,4351,34248,670
577,1038947,126258,268509,441743,305561,231177,316167,11478,37663,215021,8603
578,455512,39352,95867,145882,98681,62170,80988,1191,7019,30780,3349
579,1138958,61446,293160,370352,153543,209463,184792,8001,27314,114165,5132
580,664268,22972,152409,138335,52082,51201,55262,1216,6279,26896,3351
581,520182,67330,147488,239598,158248,142929,162626,3730,23695,67226,3349
582,471882,47657,120964,197578,134275,110122,111450,2176,11785,44334,2881
583,302174,32190,98814,156515,104529,113632,121190,2772,13516,43738,1853
584,407878,28874,101590,162215,117456,94174,114933,1940,11650,39296,2630
