district_id,hindu,muslim,christian,sikh,buddhist,jain,other,none
23,479782,32455,1559,2745,1740,57,14,728
24,1461140,19797,3023,8929,14511,194,208,2273
25,11649,74,212,35,19572,3,1,18
26,415669,2974,1568,1396,15377,94,83,742
27,981412,9460,876,4081,2628,43,86,1191
28,449412,3711,243,591,95,293,9,414
29,480138,14275,390,26009,56,70,10,225
30,371973,6984,236,2387,113,10,7,246
31,548579,14678,1452,13926,574,591,110,410
32,476830,33215,577,15501,2645,236,86,765
33,791449,11810,2025,4047,3262,185,197,1035
34,64732,448,485,249,18086,29,45,47
69,490702,23451,2583,40951,1008,1626,90,882
70,955096,22143,3705,138202,381,4845,110,3868
71,984929,138569,3646,84455,161,1555,126,764
72,805175,15970,1943,140395,214,375,106,477
73,974520,8232,1769,87558,265,351,70,1539
74,1341002,31650,2049,126207,532,1516,49,2319
75,1083936,86622,2261,25064,289,4647,99,2519
76,1390149,45100,1405,4484,336,6033,29,2465
77,1276669,23016,889,29103,172,2594,56,1653
78,779243,8360,996,150969,171,1172,530,570
79,940255,9524,2186,338962,370,2256,624,1012
80,1701061,21650,1945,12270,334,3620,33,3018
81,1611031,15515,873,2401,254,1016,26,3329
82,1043887,8185,732,3916,200,3491,24,769
83,945693,8247,734,1042,105,645,22,1917
84,913251,5660,301,1737,75,644,15,405
85,889133,5713,701,1804,202,1525,12,1242
86,1408801,70842,9725,15097,944,7451,254,1318
87,221846,862647,1235,592,516,1453,4,970
88,1588407,161680,9743,34572,640,4883,249,9559
89,826342,208566,932,3971,345,915,20,1617
532,2399901,275970,15422,1377,25510,617,322,22120
533,2123426,391596,19653,2357,1847,542,146,11768
534,3491139,244723,24979,2086,332,312,115,12583
535,2637313,342449,34301,1309,554,457,217,16688
536,2046051,1713405,87522,11446,1268,19560,1929,62142
537,4458858,617518,144037,8062,2041,3536,1629,61060
538,3673456,334172,21345,658,290,388,267,22452
539,3249231,188646,35025,937,241,250,132,14347
540,3273755,197333,31377,1453,253,569,126,7710
541,2595321,158887,33463,655,217,459,539,7829
542,2666950,9025,18879,193,77,160,106,7724
543,2299129,16423,17853,380,114,815,183,9577
544,4105320,86330,77607,2301,850,2316,286,15579
545,4983330,77777,77825,738,413,4149,403,9661
546,3733191,86142,109120,288,209,1578,211,6227
547,4023678,307043,145598,1393,863,6320,906,31597
548,4217597,559770,89763,764,323,3282,332,15982
549,3150195,220654,18775,266,97,204,206,7051
550,2639737,288378,26202,678,239,2610,146,5567
551,2391231,454108,23281,367,105,751,245,12381
552,3328380,670737,33165,737,255,2235,434,17520
553,3599372,443456,20463,932,341,1417,309,14858
554,3737588,397870,24129,867,253,1322,358,11677
1,37128,823286,1700,5600,66,39,13,2522
2,10110,736054,1489,5559,47,6,2,478
3,22882,19057,658,1092,88635,103,54,1006
4,10341,108239,604,1171,20126,28,4,289
5,32604,431279,958,11188,83,10,2,711
6,221880,402879,983,15513,189,26,3,942
7,540063,64234,1828,9551,24,16,2,717
8,30621,959185,1497,14770,140,29,7,1790
9,8439,382006,572,555,44,17,2,597
10,42540,1177342,2746,12187,285,74,2,1653
11,5592,290581,406,486,25,8,4,344
12,13840,535159,1109,9440,35,6,18,833
13,3116,262263,429,178,6,1,6,216
14,13180,1057005,1449,6140,55,7,7,849
15,4267,418076,460,1035,27,25,9,584
16,187621,220614,472,422,21,22,42,722
17,81026,200516,414,753,43,3,252,706
18,93931,133225,277,450,2094,3,514,202
19,489044,59771,1962,3418,106,57,235,392
20,153898,156275,1208,3107,15,7,3,154
21,1289240,107489,12104,114272,470,1987,321,4075
22,275311,22950,2306,17961,48,16,6,300
289,1512801,152791,53622,499,2128,362,430,3106
290,736015,49258,39258,245,49420,106,808,891
291,307120,8256,22940,175,39120,85,206,328
292,507967,105737,44062,151,34717,307,70,936
281,2989,1782,69104,13,12328,25,19,104
282,4000,4426,75210,16,108,2,46,147
283,13249,5264,379134,105,1570,76,505,406
284,1075,699,123446,9,151,45,194,126
285,991,335,63444,6,60,9,35,57
286,5231,1290,127124,74,27543,93,5,68
287,1668,522,63892,52,51549,122,2,87
288,933,514,54977,11,102,4,2,31
634,53537,1191,873,3,1,4,4,13
635,855294,32674,58328,245,366,1328,147,1907
636,27940,12856,958,3,21,14,3,21
637,152638,28835,18391,46,63,54,14,181
496,322857,12922,5113,217,634,1186,293,487
418,638702,41396,230,6387,201,379,40,526
419,1875495,76159,1092,557,3234,6681,92,2660
420,1595400,66776,973,4047,12215,19950,73,3571
421,1835299,141735,4119,24790,4361,18058,217,3457
422,747693,28483,683,490,7923,453,10,1019
423,1648749,51200,1117,7151,3421,12171,72,2169
424,1383475,44143,588,251,109,15569,39,992
425,1676918,70351,1980,968,250,10409,102,1397
426,974748,35214,418,186,37,4734,218,965
427,2198297,103480,5580,4146,991,62992,168,2804
428,1186420,47966,1681,1096,119,25005,82,1850
429,2158623,59471,2228,1163,364,3135,1689,2262
430,2268838,85414,1964,832,986,655,232,6185
431,620515,15966,667,190,70,220,6028,1102
432,741288,67324,1508,1110,224,14165,115,333
433,1192588,125548,1120,849,242,19029,77,958
434,1267043,151071,3996,1353,175,29353,123,1955
435,1718204,233133,4659,3241,945,24622,211,1849
436,1321003,174724,815,631,179,13755,66,1508
437,1376591,174259,2355,2330,382,6497,72,1229
438,2051219,116202,2261,1607,328,12199,88,1889
439,2728225,415142,18523,25696,11496,71667,720,5228
440,1725441,135085,2075,2896,284,6028,89,1148
441,1318869,58222,2967,2361,416,2289,263,494
442,1433879,106928,1243,460,121,1599,50,1534
443,1287391,149548,1313,914,295,18490,70,854
444,1755861,525434,23432,10789,21688,25950,335,7572
445,1163607,137980,1404,640,357,6232,66,1046
446,1195235,120331,1725,2262,253,10637,190,964
447,1505745,37590,3271,1078,9651,3759,13048,1220
448,527462,38640,683,676,93,1573,55,1283
449,1175203,52269,4453,3127,1550,3888,107,753
450,1240650,37232,3158,1167,157,5342,2643,1693
451,2159065,203652,23142,13256,4320,33728,21010,5116
452,1038628,39048,914,997,262,8125,2873,1007
453,605435,6736,4238,260,61,687,84006,3101
454,849518,16558,12450,436,297,1789,170533,3324
455,1923920,100692,4893,2258,24471,7830,25771,1087
456,1145052,79739,1857,360,7288,4982,135315,4538
457,1519384,38542,5295,1050,72162,4778,58064,2423
458,1172248,49203,1208,3271,529,13474,52,1534
459,778214,40707,635,8009,1352,15094,27,1033
460,997073,42426,2372,912,268,1737,19448,1827
461,686524,21473,2132,606,86,1653,35434,1329
462,1077545,34419,511,128,92,93,12556,1689
463,1118998,46574,2332,1422,338,182,6139,2288
464,960925,15733,38423,141,65,8871,388,502
465,705060,17660,4600,65,36,780,271,527
466,1182330,116277,2800,1726,1425,3856,158,1489
467,552526,180840,1199,1074,19883,1884,99,342
588,729987,486913,87454,151,362,130,152,2226
589,1509592,742483,262526,424,1118,193,722,5945
590,404460,234185,174453,61,312,1797,286,1866
591,1734958,1211131,131516,297,235,601,588,6967
592,1135259,2888849,81556,205,179,68,579,6225
593,1875980,812936,114397,220,238,78,400,5685
594,1823442,532839,757484,259,278,62,585,6251
595,1509557,514397,1248137,860,614,1176,1083,6564
596,541854,82206,481507,100,189,44,384,2690
597,983598,126499,858608,204,358,83,565,4636
598,1460447,224545,435056,268,146,74,311,6942
599,681666,55074,456404,153,150,44,262,3659
600,1697635,508500,421598,208,272,63,619,6480
601,2194057,452915,630573,404,301,76,1082,22019
400,604259,25878,9398,1391,84,1155,15474,1278
401,2126195,81442,97432,2303,1287,623,48295,2309
402,629509,15336,189588,474,467,694,14835,766
403,1422986,17332,47653,2117,781,409,1782,924
404,1133176,30195,21059,3666,897,753,15649,1245
405,1597089,14173,2926,635,556,707,2220,1401
406,2540763,57973,20745,6373,2979,2357,29122,3317
407,776013,12206,980,924,433,1167,30222,581
408,1399658,23648,5193,3761,28541,8187,67444,701
409,3129745,83499,24304,24276,19587,17209,42569,2683
410,3881485,103038,23181,16707,8397,17137,10680,3247
411,1008061,12570,5284,2941,521,1495,1417,465
412,777188,10425,2644,1196,667,3612,3685,364
413,627460,6040,4007,552,2213,1071,105869,1729
414,1277975,12413,27951,2099,985,3466,86925,1385
415,129161,776,600,96,71,409,8542,165
416,513915,6437,4888,457,352,1044,6071,474
417,245151,1617,2709,68,1649,15,3793,228
497,1521618,96182,8467,685,4969,6191,2907,7276
498,1825460,187901,3653,1422,13405,12818,912,5291
499,3457615,560261,7091,3091,143865,27404,9662,20928
500,1845424,354236,3531,1668,364229,12242,522,4406
501,1107809,357253,4483,1504,328033,10205,389,4230
502,859949,142672,1707,518,179330,8476,381,4127
503,2055177,421410,7223,2242,383891,11360,3288,3854
504,1057096,53854,2696,2147,175417,5663,2254,1647
505,3492202,390974,34667,20469,668050,24528,12181,10499
506,1009352,26502,2145,831,154458,1017,3555,2474
507,1153861,26157,1827,2160,125282,1568,5080,6572
508,927411,21063,3872,681,82695,454,30047,6719
509,1780085,92297,10701,5251,286734,3861,23188,2190
510,2251401,239236,4567,1596,249874,11422,3745,10507
511,2501741,471951,3902,13540,354189,5049,1273,9647
512,863199,127552,992,643,176679,5278,103,2899
513,1328385,306364,2081,1371,187899,6238,262,3486
514,1504641,274221,12542,1629,152540,9619,336,3518
515,2545438,786677,15991,5142,309093,30981,1005,6955
516,5237009,693052,23946,8912,94783,38212,1795,9478
517,8716055,1355630,280700,39149,449617,172052,9862,37083
518,6337132,1795788,322476,47288,469568,343639,18345,22726
519,1873762,773173,84555,13471,134257,166000,31094,9099
520,2239370,227465,17452,7477,121791,12260,1159,7226
521,8090254,673704,134192,27090,340404,127786,9873,26105
522,4107143,320743,22766,5431,33898,38718,1408,13052
523,2174672,320395,2097,824,68482,8719,399,9461
524,2006984,367664,2387,935,66535,6387,310,2994
525,1437623,178925,942,340,28216,4530,195,6805
526,3795424,441254,9882,1279,35497,28134,568,5718
527,2691952,146970,4408,1182,141315,12810,676,4428
528,1307211,187197,1990,230,113467,3347,95,1532
529,780384,26264,15471,219,24762,1046,53,1452
530,3379906,286558,15573,1570,29766,154882,1274,6472
531,2440312,239607,9098,1260,38210,87453,769,5434
638,8681,1336,26077,343,119,0,248,38
639,81163,2165,21870,77,84,4,47,187
640,174452,28912,33037,866,135,27,269,444
587,1788,62268,317,8,10,11,7,64
56,324859,3554,353,167,563,74,105,411
57,385818,4395,428,323,190,11,23,417
58,240170,1486,171,38,9,4,44,363
59,609835,7374,656,290,32,91,109,544
60,1424916,202057,13416,36454,11778,5117,217,2739
61,660507,22931,2161,619,58,212,51,732
62,475105,6015,1401,260,185,13,30,430
63,257509,1440,397,46,102,7,16,381
64,611250,7752,1895,256,201,31,6,1115
65,249563,8693,870,336,24,28,6,128
66,809717,120742,5091,17419,570,356,181,529
67,1104452,372267,6064,162768,505,738,159,1949
68,1214935,648119,4878,17364,709,2501,46,1870
468,1608921,442355,6192,6353,490,25312,98,2650
469,2890305,213505,1686,486,281,12659,83,1501
470,1194745,142797,916,337,66,3602,66,1205
471,1885732,136431,1954,1082,146,7087,88,2544
472,2260560,148563,6375,614,168,11110,52,1147
473,1319586,57273,3237,1985,497,6405,82,2688
474,6042416,883238,50754,14542,4518,209287,2055,7415
475,1620282,109681,1419,512,312,22992,128,942
476,3397406,361388,5478,1918,1170,33591,269,3338
477,1810443,320805,4392,1873,1086,18856,136,2528
478,549749,33565,500,248,91,515,38,743
479,2397056,334858,2586,1110,1291,3841,77,2263
480,1410463,99105,919,415,243,2053,40,952
481,2632574,212863,3457,1410,445,26974,127,2515
482,1798794,250919,29789,1524,267,8591,142,2719
483,2000884,264482,26629,1403,300,3479,82,2626
484,2220974,158513,2863,662,337,5236,131,2060
485,2045243,66353,9907,493,260,3331,114,1385
486,3713941,384579,23813,9340,2069,27650,1124,3110
487,559848,22600,4413,147,80,373,2078,758
488,1188204,343511,9494,1733,442,4813,342,2480
489,203545,3593,20029,69,32,39,560,424
490,1225087,78669,5733,2459,601,13386,2823,914
491,1571147,94034,19661,1589,913,13809,1417,3108
492,5260193,660772,21052,5703,12902,112835,3920,3945
493,725890,22309,52930,239,1476,1828,408,1942
90,3211042,291330,14100,92129,2281,43460,345,1852
91,726443,119792,7256,19066,1824,13049,81,467
92,1529337,657585,9123,17424,2388,24673,48,1046
93,1410852,178807,15792,53027,2643,46927,366,932
94,124482,8480,4852,2933,312,679,66,200
95,364148,194278,3527,13038,362,5886,107,974
96,2087294,149807,18337,271752,1993,11322,273,2465
97,2102743,112691,31226,31692,2784,9215,266,2341
98,2155759,445914,41880,69520,3862,11020,645,3329
555,4038331,528412,18418,2037,1086,178310,149,12918
556,1634229,219991,3433,443,412,25198,166,5880
557,1786830,369588,2433,558,374,8665,499,8384
558,1289709,335184,35438,1145,30453,680,521,10170
559,1634062,272022,10394,538,2265,4156,29,5346
560,1218024,161770,4081,296,85,2898,461,2305
561,907750,143665,3432,231,79,5993,74,3346
562,1390020,386834,28747,1486,715,29037,2748,7436
563,1187306,187974,44530,305,12804,3624,64,562
564,1281878,297927,2406,419,68,9834,702,4434
565,2103633,320834,14014,1029,284,8044,54,4703
566,1520553,128751,3175,322,84,3778,128,2665
567,1658465,265805,5420,307,164,6417,1743,7176
568,1479424,234664,26521,400,120,9234,367,2023
569,1009179,96740,65838,232,161,4534,155,522
570,1004553,101235,26000,182,109,4710,4,1168
571,2413812,245923,9130,477,187,5067,161,4223
572,7725070,1248294,504863,13254,5531,83090,498,40951
573,1712695,77801,8506,322,299,3607,109,2430
574,1630814,120011,15611,289,623,5820,3,3250
575,1403854,501896,171398,525,445,10397,138,996
576,448986,87274,17130,139,126,250,220,394
577,2631985,290549,39361,1255,16194,14419,493,6871
578,942071,47210,22183,136,4872,761,140,3418
579,2011014,513125,8344,826,9589,4865,330,18233
580,997974,155340,8677,331,7970,1519,996,1464
581,1305431,199873,26722,253,150,2494,92,1386
582,1100131,147810,4684,264,85,975,77,1078
583,890429,92252,5368,389,272,1045,85,1083
584,959260,114311,6390,383,104,859,57,1272
293,122936,106788,389956,209,3392,144,16950,2916
294,17272,3359,289708,56,1004,38,5617,863
295,7036,1050,132984,27,332,10,362,533
296,6498,1533,366881,58,1313,38,5878,1262
297,30945,1838,218508,166,428,49,6308,598
298,144935,14185,543394,2495,3111,303,115597,1902
299,12456,1646,271596,34,284,45,107559,1504
203,3047427,865090,8469,926,1337,296,1895,9602
204,4086453,990349,4865,668,878,464,104,15590
205,552492,99342,522,216,73,52,44,3505
206,2672311,740101,2897,261,253,188,20,7543
207,3652168,818912,3262,564,328,442,169,11534
208,1809936,409251,3758,271,136,546,42,5136
209,1593525,1207442,4116,371,187,1910,63,3955
210,531236,1149095,5783,398,183,1476,28,2201
211,1989420,1255641,7989,614,353,1450,650,8502
212,1684589,1365645,8659,2754,212,507,2141,6522
213,1753829,241760,1342,170,60,133,81,4387
214,1629254,266620,1292,197,60,109,8,3121
215,3042729,881476,3534,832,245,236,101,8232
216,4032773,745546,5149,933,288,382,98,15893
217,2119262,436057,2463,271,167,133,28,3631
218,2712635,608282,2618,369,407,359,86,5708
219,3534772,406449,2330,371,229,322,107,7282
220,3152346,333980,2203,707,362,246,71,5106
221,3800598,452370,2126,554,292,231,112,5283
222,2554330,407348,2209,402,229,276,57,5690
223,1486989,175588,1253,143,79,86,115,2633
224,2487866,537098,3556,415,180,1050,32,7569
225,1772655,250925,6138,139,113,94,1035,3664
226,1252319,110416,1815,338,95,145,61,2576
227,956396,40886,487,140,52,78,52,2821
228,596102,37653,313,75,41,43,31,2084
229,2669775,198033,1978,393,414,561,64,6435
230,5356075,439952,12551,4803,1062,2151,203,21668
231,2518216,197819,2165,544,647,1472,48,7496
232,1591454,105423,2125,248,5090,97,57,1858
233,1456229,155283,1407,296,7707,129,1534,3799
234,2645415,300487,2889,2569,1584,252,537,6185
235,2291133,237353,2218,295,334,775,19,7946
236,3876395,488121,3943,913,870,1723,108,19345
237,1964620,244394,1299,250,176,279,80,8048
238,1525746,217621,8443,162,159,87,3438,4749
239,1045117,75742,691,148,248,60,58,3249
240,634099,64259,390,59,323,74,60,1579
261,8102,3444,236494,84,1256,314,1,565
262,9840,2057,181847,78,442,66,6,286
263,2580,772,136995,39,286,6,2,77
264,5605,2043,158236,34,318,8,20,79
265,108900,31212,234239,566,1270,2148,157,319
266,3563,950,158224,31,350,17,198,85
267,2979,1052,191864,27,572,5,1,96
268,873,635,48849,5,77,0,0,45
269,1040,564,71803,13,210,1,1,372
270,25496,4384,234955,998,1519,80,335,221
271,4076,1850,86145,15,459,10,2493,171
370,1459065,7527,11744,652,161,125,44,1937
371,553587,12783,10462,1441,80,70,67,1015
372,964188,20120,50637,2506,310,86,1117,2135
373,296001,704,14518,53,102,7,409,726
374,1532352,71391,385011,5713,710,721,89986,7553
375,1752694,27752,9141,2177,209,131,7372,2257
376,2113079,33706,15008,661,162,109,351714,5299
377,2197709,94254,6434,237,111,201,18345,3238
378,1398543,104202,745,169,81,111,61,2425
379,1386792,50247,1423,169,62,52,24,1592
380,1086140,46929,1604,206,74,58,63,1897
381,2457729,141263,11985,1026,6276,1180,168,4843
382,1725595,93642,1623,470,58,100,3073,2631
383,1185542,4805,727,124,366,39,139,1069
384,1258684,7512,3383,812,226,36,971,2197
385,955754,5278,383,107,33,24,12,1198
386,2147632,84060,12527,1264,475,476,434,4805
387,1644905,46094,4239,193,243,94,302,2660
388,3486059,13315,23975,590,174,170,76,4672
389,353160,1556,219482,53,2180,66,4,1316
390,580300,2138,148895,82,290,47,23,1335
391,438152,1007,522,24,5,11,7,1434
392,605225,1566,2374,58,46,17,6,891
393,1618175,7811,16271,565,467,2225,141,3342
394,601092,4952,1778,724,76,905,22,833
395,1555367,4975,11160,796,175,1225,220,2951
396,874445,4607,84916,219,249,123,44,3308
397,1178005,6753,32152,169,189,325,54,3299
398,1294151,8850,68550,518,219,491,3384,3484
399,600219,1871,10039,213,43,195,35,577
300,529068,252271,101091,93,1718,396,123,2382
301,388380,1553023,4107,254,101,1846,45,1502
302,347878,579929,77862,771,194,477,103,969
303,492966,1198036,1020,112,49,399,14,1026
304,451882,503257,834,113,65,244,11,1017
305,1225246,1563203,26844,3036,1073,1162,61,3143
306,1422824,350536,138166,1363,5088,1003,221,4909
307,797130,193476,46217,412,1074,250,2410,1168
308,655052,13475,8711,297,911,167,6315,1205
309,1181347,48373,76877,1999,16228,837,395,1873
310,1198401,64526,52968,2261,4673,1055,46,2405
311,1007277,95553,33147,902,3953,286,8541,1391
312,1008219,54684,21051,1540,2378,719,578,3087
313,917426,90312,50582,1131,3863,530,1347,1697
314,766000,20290,157789,370,6260,397,3568,1639
315,143593,4358,63310,207,680,70,1170,714
316,1038985,654816,37635,280,341,1673,98,2789
317,521962,692489,11990,114,446,524,110,1051
318,251194,397653,8480,84,490,247,636,512
319,359145,371033,5924,384,236,871,9,1202
320,320647,109248,49747,87,406,125,482,1420
321,877495,601784,33297,319,185,1330,55,3077
322,1064412,151071,18810,3679,1627,9250,170,4919
323,491582,277488,429,62,27,1004,9,1038
324,782901,135750,27076,156,1189,239,353,2411
325,327322,597392,1688,431,57,724,19,867
326,612425,105319,110215,215,1681,124,229,1460
35,1074332,27667,176587,1002874,405,580,812,15066
36,336124,10190,5445,453692,6662,553,334,2168
37,1394329,30233,26016,718363,11385,4011,805,8448
38,1000743,23089,14968,538208,3476,2034,531,3576
39,401368,6829,1479,192885,5885,695,266,2903
40,152851,16808,1698,427521,48,178,251,808
41,1502403,77713,16517,1863408,2007,19620,1254,15817
42,158414,9388,3277,818921,178,436,365,4767
43,906408,6844,19358,1090815,454,1143,278,3774
44,254920,4333,1681,638625,240,744,433,920
45,141363,3125,1227,469789,155,1109,103,637
46,380569,16299,2474,984286,246,1266,559,2826
47,156539,10375,917,598443,123,1577,493,1284
48,783306,40043,5683,1059944,245,1914,1410,3141
49,690939,12502,54344,1716935,876,3152,1044,10864
50,60504,3855,6095,1044903,101,650,47,3472
51,304481,14492,2094,361045,118,653,143,1601
52,476276,29488,5342,478908,257,1257,239,2861
53,389410,179116,2406,1077438,268,3222,1038,2271
54,112859,13100,622,467751,108,246,481,360
346,1104475,194680,17168,123,371,20,4591,1356
347,903179,116710,6565,888,35,129,12936,2444
348,605138,107018,1221,944,32,980,269,657
349,1856202,508586,14645,937,650,1503,59218,3733
350,1165140,302626,6027,143,188,282,16067,1600
351,937126,289182,37795,97,128,115,47067,2041
352,628044,398243,83208,198,245,125,38426,2078
353,410127,322963,75865,356,283,222,88760,1846
354,2149480,431762,11243,9727,331,1268,77182,3494
355,1636460,241451,13730,4174,1890,2045,160524,2056
356,112378,95012,16770,51,33,15,235987,1544
357,1550178,203999,30172,38544,892,1670,465367,3097
358,1683169,238295,6164,734,188,284,5681,5354
359,473049,69808,47653,120,128,16,133525,2679
360,1397227,281247,17137,1312,71,1676,34154,1671
361,774251,129037,7260,5093,69,537,32378,818
362,1044726,106865,86404,234,267,162,78622,4162
363,550560,164406,4419,520,118,783,68564,1672
364,1612239,410759,193974,4826,932,2733,677445,11345
365,138863,13122,136438,69,245,148,241292,1708
366,309563,51429,202449,221,531,23,457468,3529
367,201524,15103,306601,51,753,114,73930,1502
368,423937,38103,87587,946,389,52,945864,5460
369,709016,63588,8113,1114,187,72,280469,2497
99,1437144,50688,2077,474853,938,1988,164,1316
100,1433067,118673,1542,216997,241,1935,138,2099
101,2073356,235741,1901,20072,285,30850,79,1653
102,1777879,249736,958,402,188,7104,127,3153
103,1905682,228178,1004,275,56,548,85,1217
104,3039279,547335,2696,64532,4384,13221,348,2384
105,2143046,371286,1576,23456,899,5758,18,2423
106,1127520,72258,688,1356,92,2739,21,1842
107,1370977,81553,602,297,70,3424,413,912
108,1165505,155681,945,812,177,9991,42,2398
109,1582335,45488,439,296,94,3737,115,1905
110,5819980,687452,12708,18782,1020,81079,257,4900
111,2342076,327583,1122,356,177,4050,15,1954
112,2833443,454487,1912,366,163,12940,276,4156
113,3224399,411558,6035,4123,514,36697,80,3759
114,497045,168129,874,1723,98,1521,34,495
115,2244882,321192,1157,450,157,34010,34,1869
116,1732852,78990,730,231,144,14640,82,1061
117,996562,30479,1284,572,114,6829,56,450
118,1870543,143476,1345,1540,141,18974,52,1502
119,2201663,314159,10605,6799,417,45614,184,3611
120,1243527,153146,754,378,122,22458,30,911
121,1017688,66609,682,11059,144,13455,24,1245
122,2224839,142427,1978,1468,183,35149,60,2419
123,1105676,33677,759,260,100,14966,68,1091
124,1340065,28662,830,240,226,16141,853,1535
125,1701234,48834,22250,427,138,22613,109,1880
126,1413163,97855,1274,1515,252,25843,136,4300
127,1661307,243993,5665,11058,280,25742,286,2683
128,1133349,79984,1432,3066,84,2795,48,1997
129,1299751,96164,842,819,46,12488,42,977
130,2869976,104307,7406,4278,209,78647,373,3224
131,827293,25597,358,72,32,14077,27,392
327,1366681,105086,141848,2032,209240,1840,15523,4573
328,3156781,445817,186279,2994,50676,1461,23816,5022
329,2087766,720033,4122,449,445,1869,158,4244
330,1482943,1501170,16702,477,432,1324,1622,2464
331,1232850,412788,24794,276,148,323,2786,2311
332,1914352,2045151,13209,747,359,639,7929,6459
333,2359061,4707573,18102,766,348,3037,7429,7491
334,2181515,1298054,10906,582,258,1152,6051,3886
335,6008472,1599764,21220,16675,1602,1674,44968,23188
336,3728482,1382682,33835,849,514,281,16893,4064
337,7352769,2584684,26933,9394,5818,4452,2930,22801
338,4574569,870204,7300,2662,1730,2160,49050,11470
339,3033581,290450,3865,386,260,2904,260694,4534
340,2373120,227249,8646,622,209,3052,309029,8188
341,3535844,1270641,8666,4380,1258,9699,1265,18276
342,3440290,926414,39758,13849,4771,21178,1452,48982
343,5155545,2903075,66498,2783,2494,972,6065,24529
344,5056953,620554,23287,2854,2019,1550,184278,21962
345,4343972,743436,2648,746,317,574,359,3823
272,43833,1649,426819,140,2409,53,1243,3002
273,2995,589,134760,59,425,57,1144,622
274,12034,2886,254979,152,495,87,2333,1177
275,175102,18691,4264,56,76,16,38457,737
276,267146,107323,4322,106,114,24,42347,786
277,387497,24298,23377,589,1891,1264,77032,2044
278,274906,80199,27361,181,639,62,70825,1940
279,7553,1115,174112,108,635,70,32,373
280,10810,3086,129049,136,400,59,354,288
241,14883,815,2660,816,23318,35,921,261
242,75286,965,13002,40,36390,20,10477,255
243,84583,1889,21462,151,35053,45,3176,491
244,177910,6198,23398,861,72455,214,1726,821
585,622213,57941,134169,618,553,546,166,1802
586,341664,63623,231961,855,542,563,92,1237
55,852574,51447,8720,138329,1160,1960,246,1014
245,11842,787,776,1164,34920,72,349,67
246,31265,1970,8466,328,36087,71,5556,204
247,12333,652,37136,36,452,23,27868,190
248,57027,6148,84397,310,4768,139,22586,1198
249,13474,521,8779,28,297,11,59449,889
250,15881,2218,29969,577,3311,49,60005,264
251,27854,2289,18254,69,776,30,49393,549
252,5261,411,5643,27,2577,7,20967,427
253,47683,2134,35969,94,50381,95,11738,132
254,20682,1103,83361,61,778,43,5325,622
255,9551,1482,34402,27,193,13,37085,277
256,4859,471,51189,43,121,81,34158,1154
257,3141,111,223,7,126,2,4267,127
258,28915,2247,9213,33,2932,19,10393,328
259,99020,3846,10684,210,24452,104,7277,133
260,13088,655,271,273,644,12,6137,87
494,48613,3190,202,3,1,43,0,22
495,171537,16087,2618,169,216,244,79,223
132,1966892,1454052,6523,18627,1937,10208,135,8008
133,2382914,1711453,6495,18601,1516,16345,60,6128
134,2032081,1585210,6184,50624,1736,2134,41,4703
135,2488265,2248392,13157,7555,1260,2426,382,10569
136,1073890,1181337,9201,65316,384,1307,63,4321
137,1075440,750368,5952,5295,189,517,21,2439
138,2183255,1185643,10582,24912,1855,18544,236,18662
139,917474,364583,1840,483,161,16139,25,2343
140,3414427,1186776,19026,23001,3487,16412,265,18251
141,1394025,215500,7366,9261,895,4518,91,16459
142,2707195,777407,4088,2765,669,1572,86,5389
143,2904140,729283,7635,5875,2582,2805,91,21478
144,1397225,159448,1350,524,424,1289,63,4385
145,2310776,216933,3179,2872,883,2056,126,10359
146,3922718,411313,10076,12057,4049,21508,384,36692
147,2140745,314812,3370,1804,3395,19077,61,14892
148,1746649,100723,1729,475,8814,4161,38,5940
149,2867707,790515,6320,1135,1959,678,87,13495
150,2830768,1536534,14822,28187,4371,931,339,32407
151,1449007,489686,3510,84787,360,138,45,3474
152,2412595,527581,4630,51090,2312,301,84,7945
153,3078262,807600,7502,94388,18454,487,226,14324
154,3555450,893725,6579,11611,2663,1410,79,12475
155,3508131,556219,5822,5688,6671,446,98,9770
156,2732016,363453,3574,1204,920,240,31,6929
157,3537787,985070,20493,23883,3877,4975,504,13249
158,2975998,413243,3634,2424,722,397,602,8539
159,1596278,276846,3137,3160,3161,487,100,2035
160,1375788,273967,1263,504,2033,606,65,2390
161,1457892,113961,1362,1045,1733,3917,94,1806
162,1273546,101963,1004,371,332,228,444,1657
163,1612968,176327,1300,478,819,155,103,4034
164,3792174,720660,15751,29676,2733,5710,589,13975
165,1509708,171581,1148,463,2875,256,145,3798
166,1823930,147842,7050,4951,1203,7328,311,5988
167,1163804,33724,1351,1034,69,20390,41,1179
168,1010014,91269,814,196,74,41,273,1604
169,815142,57454,965,389,94,234,157,1523
170,1637549,157612,1367,231,168,916,50,1517
171,955372,34559,693,63,101,285,27,630
172,2274674,350700,2201,402,172,199,47,4338
173,2731351,452394,3920,1451,7795,746,43,11441
174,1372381,220423,2225,522,687,545,3,2810
175,5102041,796756,13782,4377,4391,2247,305,30492
176,2505444,737106,4857,2090,1553,3016,211,6422
177,2094271,365806,3225,1912,737,358,185,4502
178,1985654,401678,2536,869,1817,235,33,5066
179,3119590,650261,4453,1629,9989,426,336,10433
180,2291892,1169330,6400,8212,2793,1177,38,7889
181,768643,343981,1427,407,323,68,56,2456
182,1333242,805975,3228,900,1866,198,87,3169
183,2739076,678615,4735,1893,649,338,57,8556
184,1789704,748073,3042,681,11964,179,356,5298
185,2082976,364510,3493,900,9753,107,99,2626
186,1300586,404410,1766,447,4393,95,35,3451
187,2196884,458650,3527,1381,16030,243,338,7650
188,4009037,403847,9662,2123,2848,460,207,12711
189,2928462,620244,5006,767,4619,383,133,4930
190,2730957,358539,3626,818,1182,209,146,5469
191,3878626,718692,3810,719,5652,183,226,6005
192,1769937,428555,2109,340,564,155,129,4179
193,3004240,213440,4463,892,1595,233,64,14847
194,3981502,483750,4947,1286,7898,349,114,14358
195,3233790,368153,4181,810,3145,213,184,9792
196,1727869,215081,2153,1389,340,100,1175,4649
197,3107681,546987,7696,3309,1146,1898,298,7826
198,1368291,203887,1365,199,1562,161,7,2741
199,2292534,195765,2373,1133,341,701,27,4096
200,1738769,103567,3963,1649,1747,487,1907,10470
201,1611126,146346,2464,708,2887,5671,18,5260
202,1211427,213822,1969,2280,3907,313,72,2929
602,3325823,143093,233633,1422,951,3693,530,18959
603,3751322,439270,358662,2851,2804,51708,1759,38356
604,3537399,173785,256762,1620,990,4962,756,21978
605,3397857,414760,111390,676,438,3514,251,7445
606,2294369,91636,66987,232,157,7898,110,3486
607,3174941,133896,138279,325,238,4032,278,6884
608,3326357,95487,53841,412,174,992,246,4547
609,1673652,32483,16909,183,108,84,199,2983
610,2115455,76098,55899,435,148,639,157,2913
611,569477,78452,84610,338,382,910,87,1138
612,1879494,105012,169945,313,256,71,138,4546
613,993666,53292,16483,115,29,7,79,822
614,2279413,190964,246156,324,250,628,253,4302
615,521658,32702,10301,83,39,38,26,376
616,708397,7942,37403,104,88,65,42,853
617,2391675,123749,83334,401,236,1280,138,5101
618,1435072,128617,47579,184,450,963,110,3475
619,1132785,96092,33192,258,151,279,64,1456
620,2075870,190814,133971,231,795,1256,148,2805
621,1428784,114194,72850,119,81,32,293,1992
622,1186078,74310,75481,150,80,109,24,2869
623,2760502,168881,97711,520,199,1532,305,8602
624,1148990,56751,37574,152,79,28,74,2251
625,1822626,47838,67405,245,87,98,75,3914
626,1047411,208038,91139,154,86,29,36,6552
627,1373920,80740,291908,127,286,53,112,3030
628,2425630,303368,342254,268,373,144,450,4746
629,909872,78590,876299,160,438,156,10,4849
630,1452956,38304,14089,164,39,37,87,1167
631,1723737,115303,35956,468,121,373,221,3630
632,3044145,211035,190314,1112,435,3284,237,7483
633,2278835,123983,70015,455,198,371,119,5076
